"","X1","X1_1","year.x","elect_date","sotu_date","sotu_type","president","birth_date","birth_state","death_state","affil_region","party","cong_sup","relative_ideology","years_active","year_num","term_num","term_type","decl_war","va_wars","age","count_before","count_stop","count_final","count_final_pos","count_final_neg","score_pos","score_neg","net_score","perc_used","year.y","Bus_cycle","recession","Gini","GNI_med","GNI_avg","pct_employ","NDI_med","NDI_avg"
"1",1,1,1790,NA,1790-01-08,"speech","George Washington",1732-02-22,"Virginia","Virginia","Colonial South","Nonpartisan","16/30","Independent","1789-1793",1,1,"Midterm","Peace","Peace",57.8767123287671,1091,408,62,57,5,94,-9,85,17.5967741935484,1790,NA,NA,NA,NA,NA,NA,NA,NA
"2",2,2,1790,NA,1790-12-08,"speech","George Washington",1732-02-22,"Virginia","Virginia","Colonial South","Nonpartisan","16/30","Independent","1789-1793",1,1,"Midterm","Peace","Peace",58.7917808219178,1404,498,59,42,17,72,-31,41,23.7966101694915,1790,NA,NA,NA,NA,NA,NA,NA,NA
"3",3,3,1791,NA,1791-08-25,"speech","George Washington",1732-02-22,"Virginia","Virginia","Colonial South","Nonpartisan","16/30","Independent","1789-1793",2,1,"Midterm","Peace","Peace",59.5041095890411,2305,848,120,91,29,149,-50,99,19.2083333333333,1791,NA,NA,NA,NA,NA,NA,NA,NA
"4",4,4,1792,1792-11-02,1792-11-06,"speech","George Washington",1732-02-22,"Virginia","Virginia","Colonial South","Nonpartisan","16/30","Independent","1789-1793",3,1,"Reelected","Peace","Peace",60.7049180327869,2100,768,92,63,29,103,-49,54,22.8260869565217,1792,NA,NA,NA,NA,NA,NA,NA,NA
"5",5,5,1793,NA,1793-12-03,"speech","George Washington",1732-02-22,"Virginia","Virginia","Colonial South","Nonpartisan","16/30","Independent","1793-1797",4,1,"Midterm","Peace","Peace",61.7780821917808,1969,711,113,72,41,113,-76,37,17.4247787610619,1793,NA,NA,NA,NA,NA,NA,NA,NA
"6",6,6,1794,1794-08-24,1794-11-19,"speech","George Washington",1732-02-22,"Virginia","Virginia","Colonial South","Nonpartisan","16/30","Independent","1793-1797",5,2,"Midterm","Peace","Peace",62.7397260273973,2922,1100,169,95,74,160,-138,22,17.2899408284024,1794,NA,NA,NA,NA,NA,NA,NA,NA
"7",7,7,1795,NA,1795-12-08,"speech","George Washington",1732-02-22,"Virginia","Virginia","Colonial South","Nonpartisan","21/32","Independent","1793-1797",6,2,"Midterm","Peace","Peace",63.7917808219178,1988,780,106,67,39,126,-76,50,18.7547169811321,1795,NA,NA,NA,NA,NA,NA,NA,NA
"8",8,8,1796,1796-11-04,1796-12-07,"speech","George Washington",1732-02-22,"Virginia","Virginia","Colonial South","Nonpartisan","21/32","Independent","1793-1797",7,2,"Lame Duck","Peace","Peace",64.7896174863388,2879,1113,154,106,48,182,-81,101,18.6948051948052,1796,NA,NA,NA,NA,NA,NA,NA,NA
"9",9,9,1797,NA,1797-11-22,"speech","John Adams",1735-10-30,"Massachusettes","Massachusettes","New England","Federalist","22/32","Liberal","1797-1801",1,1,"Newly Elected","Peace","Peace",62.0630136986301,2062,805,114,68,46,115,-88,27,18.0877192982456,1797,NA,NA,NA,NA,NA,NA,NA,NA
"10",10,10,1798,1798-04-24,1798-12-08,"speech","John Adams",1735-10-30,"Massachusettes","Massachusettes","New England","Federalist","22/32","Liberal","1797-1801",2,1,"Midterm","Peace","Peace",63.1068493150685,2220,848,104,71,33,107,-59,48,21.3461538461538,1798,NA,NA,NA,NA,NA,NA,NA,NA
"11",11,11,1799,NA,1799-12-03,"speech","John Adams",1735-10-30,"Massachusettes","Massachusettes","New England","Federalist","22/32","Liberal","1797-1801",3,1,"Midterm","Peace","Peace",64.0931506849315,1507,591,77,55,22,85,-39,46,19.5714285714286,1799,NA,NA,NA,NA,NA,NA,NA,NA
"12",12,12,1800,1800-10-31,1800-11-11,"speech","John Adams",1735-10-30,"Massachusettes","Massachusettes","New England","Federalist","22/32","Liberal","1797-1801",4,1,"Lame Duck","Peace","Peace",65.0328767123288,1374,524,63,52,11,98,-20,78,21.8095238095238,1800,0.969650986,NA,NA,NA,NA,NA,NA,NA
"13",13,13,1801,NA,1801-12-08,"written","Thomas Jefferson",1743-04-13,"Virginia","Virginia","Colonial South","Democratic-Republican","17/34","Conservative","1801-1805",1,1,"Newly Elected","Peace","Peace",58.6547945205479,3228,1155,149,93,56,161,-99,62,21.6644295302013,1801,0.930197269,NA,NA,NA,NA,NA,NA,NA
"14",14,14,1802,1802-04-26,1802-12-15,"written","Thomas Jefferson",1743-04-13,"Virginia","Virginia","Colonial South","Democratic-Republican","17/34","Conservative","1801-1805",2,1,"Midterm","Peace","Peace",59.6739726027397,2203,803,86,54,32,95,-53,42,25.6162790697674,1802,0.893778452,NA,NA,NA,NA,NA,NA,NA
"15",15,15,1803,NA,1803-10-17,"written","Thomas Jefferson",1743-04-13,"Virginia","Virginia","Colonial South","Democratic-Republican","25/34","Conservative","1801-1805",3,1,"Midterm","Peace","Peace",60.5109289617486,2270,852,111,65,46,111,-85,26,20.4504504504505,1803,0.863429439,NA,NA,NA,NA,NA,NA,NA
"16",16,16,1804,1804-11-02,1804-11-08,"written","Thomas Jefferson",1743-04-13,"Virginia","Virginia","Colonial South","Democratic-Republican","25/34","Conservative","1801-1805",4,1,"Reelected","Peace","Peace",61.572602739726,2100,742,87,54,33,89,-57,32,24.1379310344828,1804,0.823975721,NA,NA,NA,NA,NA,NA,NA
"17",17,17,1805,NA,1805-12-03,"written","Thomas Jefferson",1743-04-13,"Virginia","Virginia","Colonial South","Democratic-Republican","27/34","Conservative","1805-1809",5,2,"Midterm","Peace","Peace",62.641095890411,2930,1023,140,74,66,126,-114,12,20.9285714285714,1805,0.784522003,NA,NA,NA,NA,NA,NA,NA
"18",18,18,1806,1806-04-29,1806-12-02,"written","Thomas Jefferson",1743-04-13,"Virginia","Virginia","Colonial South","Democratic-Republican","27/34","Conservative","1805-1809",6,2,"Midterm","Peace","Peace",63.6383561643836,2862,1018,113,77,36,128,-60,68,25.3274336283186,1806,0.748103187,NA,NA,NA,NA,NA,NA,NA
"19",19,19,1807,NA,1807-10-27,"written","Thomas Jefferson",1743-04-13,"Virginia","Virginia","Colonial South","Democratic-Republican","28/34","Conservative","1805-1809",7,2,"Midterm","Peace","Peace",64.5382513661202,2387,863,108,56,52,91,-92,-1,22.1018518518519,1807,0.717754173,NA,NA,NA,NA,NA,NA,NA
"20",20,20,1808,1808-11-04,1808-11-08,"written","Thomas Jefferson",1743-04-13,"Virginia","Virginia","Colonial South","Democratic-Republican","28/34","Conservative","1805-1809",8,2,"Lame Duck","Peace","Peace",65.572602739726,2676,962,114,65,49,108,-88,20,23.4736842105263,1808,0.678300455,NA,NA,NA,NA,NA,NA,NA
"21",21,21,1809,NA,1809-11-29,"written","James Madison",1751-03-16,"Virginia","Virginia","Colonial South","Democratic-Republican","27/34","Conservative","1809-1813",1,1,"Newly Elected","Peace","Peace",58.7068493150685,1832,646,83,58,25,98,-48,50,22.0722891566265,1809,0.641881639,NA,NA,NA,NA,NA,NA,NA
"22",22,22,1810,1810-04-24,1810-12-05,"written","James Madison",1751-03-16,"Virginia","Virginia","Colonial South","Democratic-Republican","27/34","Conservative","1809-1813",2,1,"Midterm","Peace","Peace",59.7232876712329,2448,944,89,63,26,97,-47,50,27.5056179775281,1810,0.602427921,NA,NA,NA,NA,NA,NA,NA
"23",23,23,1811,NA,1811-11-05,"written","James Madison",1751-03-16,"Virginia","Virginia","Colonial South","Democratic-Republican","30/36","Conservative","1809-1813",3,1,"Midterm","Peace","Peace",60.6393442622951,2273,861,98,63,35,102,-67,35,23.1938775510204,1811,0.569044006,NA,NA,NA,NA,NA,NA,NA
"24",24,24,1812,1812-10-30,1812-11-04,"written","James Madison",1751-03-16,"Virginia","Virginia","Colonial South","Democratic-Republican","30/36","Conservative","1809-1813",4,1,"Newly Reelected","Declared","War",61.6383561643836,3248,1229,182,96,86,166,-166,0,17.8461538461538,1812,0.53262519,NA,NA,NA,NA,NA,NA,NA
"25",25,25,1813,NA,1813-12-07,"written","James Madison",1751-03-16,"Virginia","Virginia","Colonial South","Democratic-Republican","28/36","Conservative","1813-1817",5,2,"Midterm","Declared","War",62.7287671232877,3259,1250,233,121,112,196,-215,-19,13.9871244635193,1813,0.493171472,NA,NA,NA,NA,NA,NA,NA
"26",26,26,1814,1814-04-26,1814-09-20,"written","James Madison",1751-03-16,"Virginia","Virginia","Colonial South","Democratic-Republican","28/36","Conservative","1813-1817",6,2,"Midterm","Declared","War",63.5150684931507,2115,841,148,73,75,134,-153,-19,14.2905405405405,1814,0.46585736,NA,NA,NA,NA,NA,NA,NA
"27",27,27,1815,NA,1815-12-05,"written","James Madison",1751-03-16,"Virginia","Virginia","Colonial South","Democratic-Republican","26/38","Conservative","1813-1817",7,2,"Midterm","Peace","Peace",64.7213114754098,3145,1259,157,112,45,203,-84,119,20.031847133758,1815,0.420333839,NA,NA,NA,NA,NA,NA,NA
"28",28,28,1816,1816-11-01,1816-12-03,"written","James Madison",1751-03-16,"Virginia","Virginia","Colonial South","Democratic-Republican","26/38","Conservative","1813-1817",8,2,"Lame Duck","Peace","Peace",65.7178082191781,3367,1297,156,109,47,187,-96,91,21.5833333333333,1816,0.383915023,NA,NA,NA,NA,NA,NA,NA
"29",29,29,1817,NA,1817-12-12,"written","James Monroe",1758-04-28,"Virginia","New York","Colonial South","Democratic-Republican","30/42","Conservative","1817-1821",1,1,"Newly Elected","Peace","Peace",59.6246575342466,4423,1593,190,132,58,225,-94,131,23.2789473684211,1817,0.347496206,NA,NA,NA,NA,NA,NA,NA
"30",30,30,1818,1818-04-26,1818-11-16,"written","James Monroe",1758-04-28,"Virginia","New York","Colonial South","Democratic-Republican","30/42","Conservative","1817-1821",2,1,"Midterm","Peace","Peace",60.5534246575342,4378,1602,200,138,62,211,-110,101,21.89,1818,0.314112291,NA,NA,NA,NA,NA,NA,NA
"31",31,31,1819,NA,1819-12-07,"written","James Monroe",1758-04-28,"Virginia","New York","Colonial South","Democratic-Republican","37/46","Conservative","1817-1821",3,1,"Midterm","Peace","Peace",61.6092896174863,4709,1640,235,161,74,259,-122,137,20.0382978723404,1819,0.274658574,NA,NA,NA,NA,NA,NA,NA
"32",32,32,1820,1820-11-03,1820-11-14,"written","James Monroe",1758-04-28,"Virginia","New York","Colonial South","Democratic-Republican","37/46","Conservative","1817-1821",4,1,"Reelected","Peace","Peace",62.5479452054795,3447,1242,146,98,48,168,-82,86,23.6095890410959,1820,0.241274659,NA,NA,NA,NA,NA,NA,NA
"33",33,33,1821,NA,1821-12-03,"written","James Monroe",1758-04-28,"Virginia","New York","Colonial South","Democratic-Republican","44/48","Conservative","1821-1825",5,2,"Midterm","Peace","Peace",63.6,5831,2051,226,164,62,249,-96,153,25.8008849557522,1821,0.201820941,NA,NA,NA,NA,NA,NA,NA
"34",34,34,1822,1822-07-01,1822-12-03,"written","James Monroe",1758-04-28,"Virginia","New York","Colonial South","Democratic-Republican","44/48","Conservative","1821-1825",6,2,"Midterm","Peace","Peace",64.6,4733,1734,224,144,80,251,-128,123,21.1294642857143,1822,0.165402124,NA,NA,NA,NA,NA,NA,NA
"35",35,35,1823,NA,1823-12-02,"written","James Monroe",1758-04-28,"Virginia","New York","Colonial South","Democratic-Republican","31/48","Conservative","1821-1825",7,2,"Midterm","Peace","Peace",65.5956284153006,6383,2345,240,161,79,272,-147,125,26.5958333333333,1823,0.128983308,NA,NA,NA,NA,NA,NA,NA
"36",36,36,1824,1824-10-29,1824-12-07,"written","James Monroe",1758-04-28,"Virginia","New York","Colonial South","Democratic-Republican","31/48","Conservative","1821-1825",8,2,"Lame Duck","Peace","Peace",66.6109589041096,8416,2950,319,217,102,385,-176,209,26.3824451410658,1824,0.092564492,NA,NA,NA,NA,NA,NA,NA
"37",37,37,1825,NA,1825-12-05,"written","John Quincy Adams",1767-07-11,"Massachusettes","Massachusettes","New England","Democratic-Republican","22/48","Conservative","1825-1829",1,1,"Newly Elected","Peace","Peace",58.4027397260274,9027,3403,378,281,97,493,-170,323,23.8809523809524,1825,0.056145675,NA,NA,NA,NA,NA,NA,NA
"38",38,38,1826,1826-07-03,1826-12-05,"written","John Quincy Adams",1767-07-11,"Massachusettes","Massachusettes","New England","Democratic-Republican","22/48","Conservative","1825-1829",2,1,"Midterm","Peace","Peace",59.4027397260274,7745,2906,300,215,85,346,-145,201,25.8166666666667,1826,0.019726859,NA,NA,NA,NA,NA,NA,NA
"39",39,39,1827,NA,1827-12-04,"written","John Quincy Adams",1767-07-11,"Massachusettes","Massachusettes","New England","Democratic-Republican","21/48","Conservative","1825-1829",3,1,"Midterm","Peace","Peace",60.3989071038251,6996,2697,283,199,84,334,-153,181,24.7208480565371,1827,-0.016691958,NA,NA,NA,NA,NA,NA,NA
"40",40,40,1828,1828-10-31,1828-12-02,"written","John Quincy Adams",1767-07-11,"Massachusettes","Massachusettes","New England","Democratic-Republican","21/48","Conservative","1825-1829",4,1,"Lame Duck","Peace","Peace",61.3945205479452,7329,2782,286,195,91,327,-164,163,25.6258741258741,1828,-0.053110774,NA,NA,NA,NA,NA,NA,NA
"41",41,41,1829,NA,1829-12-08,"written","Andrew Jackson",1767-03-15,"Carolinas","Tennessee","West","Democratic","25/48","Conservative","1829-1833",1,1,"Newly Elected","Peace","Peace",62.7342465753425,10547,3849,548,352,196,603,-368,235,19.2463503649635,1829,-0.08952959,NA,NA,NA,NA,NA,NA,NA
"42",42,42,1830,1830-07-05,1830-12-06,"written","Andrew Jackson",1767-03-15,"Carolinas","Tennessee","West","Democratic","25/48","Conservative","1829-1833",2,1,"Midterm","Peace","Peace",63.7287671232877,15109,5428,697,472,225,813,-382,431,21.6771879483501,1830,-0.125948407,NA,NA,NA,NA,NA,NA,NA
"43",43,43,1831,NA,1831-12-06,"written","Andrew Jackson",1767-03-15,"Carolinas","Tennessee","West","Democratic","24/48","Conservative","1829-1833",3,1,"Midterm","Peace","Peace",64.7267759562842,7198,2612,338,232,106,398,-189,209,21.2958579881657,1831,-0.162367223,NA,NA,NA,NA,NA,NA,NA
"44",44,44,1832,1832-11-02,1832-12-04,"written","Andrew Jackson",1767-03-15,"Carolinas","Tennessee","West","Democratic","24/48","Conservative","1829-1833",4,1,"Reelected","Peace","Peace",65.7232876712329,7887,2881,370,231,139,405,-247,158,21.3162162162162,1832,-0.198786039,NA,NA,NA,NA,NA,NA,NA
"45",45,45,1833,NA,1833-12-03,"written","Andrew Jackson",1767-03-15,"Carolinas","Tennessee","West","Democratic","20/48","Conservative","1833-1837",5,2,"Midterm","Peace","Peace",66.7205479452055,7912,2869,353,234,119,397,-199,198,22.413597733711,1833,-0.235204856,NA,NA,NA,NA,NA,NA,NA
"46",46,46,1834,1834-07-07,1834-12-01,"written","Andrew Jackson",1767-03-15,"Carolinas","Tennessee","West","Democratic","20/48","Conservative","1833-1837",6,2,"Midterm","Peace","Peace",67.7150684931507,13472,4952,647,383,264,613,-458,155,20.822256568779,1834,-0.271623672,NA,NA,NA,NA,NA,NA,NA
"47",47,47,1835,NA,1835-12-07,"written","Andrew Jackson",1767-03-15,"Carolinas","Tennessee","West","Democratic","26/52","Conservative","1833-1837",7,2,"Midterm","Peace","Peace",68.7295081967213,10839,3967,490,321,169,529,-292,237,22.1204081632653,1835,-0.308042489,NA,NA,NA,NA,NA,NA,NA
"48",48,48,1836,1836-11-04,1836-12-05,"written","Andrew Jackson",1767-03-15,"Carolinas","Tennessee","West","Democratic","26/52","Conservative","1833-1837",8,2,"Lame Duck","Peace","Peace",69.7260273972603,12386,4473,487,288,199,469,-357,112,25.4332648870637,1836,-0.344461305,NA,NA,NA,NA,NA,NA,NA
"49",49,49,1837,NA,1837-12-05,"written","Martin Van Buren",1782-12-05,"New York","New York","New England","Democratic","35/52","Conservative","1837-1841",1,1,"Newly Elected","Peace","Peace",55,11471,4253,458,308,150,493,-252,241,25.0458515283843,1837,-0.380880121,NA,NA,NA,NA,NA,NA,NA
"50",50,50,1838,1838-07-02,1838-12-03,"written","Martin Van Buren",1782-12-05,"New York","New York","New England","Democratic","35/52","Conservative","1837-1841",2,1,"Midterm","Peace","Peace",55.9945205479452,11520,4418,533,360,173,589,-322,267,21.6135084427767,1838,-0.417298938,NA,NA,NA,NA,NA,NA,NA
"51",51,51,1839,NA,1839-12-02,"written","Martin Van Buren",1782-12-05,"New York","New York","New England","Democratic","30/52","Conservative","1837-1841",3,1,"Midterm","Peace","Peace",56.9917808219178,13463,5023,568,326,242,568,-431,137,23.7024647887324,1839,-0.453717754,NA,NA,NA,NA,NA,NA,NA
"52",52,52,1840,1840-10-30,1840-12-05,"written","Martin Van Buren",1782-12-05,"New York","New York","New England","Democratic","30/52","Conservative","1837-1841",4,1,"Lame Duck","Peace","Peace",58,9007,3451,383,226,157,398,-276,122,23.5169712793734,1840,-0.490136571,NA,NA,NA,NA,NA,NA,NA
"53",53,53,1841,NA,1841-12-07,"written","John Tyler",1790-03-29,"Virginia","Virginia","Colonial South","Whig","29/52","Liberal","1841-1845",1,1,"Replacement","Peace","Peace",51.6931506849315,8254,3038,364,221,143,378,-261,117,22.6758241758242,1841,-0.526555387,NA,NA,NA,NA,NA,NA,NA
"54",54,54,1842,1842-08-01,1842-12-06,"written","John Tyler",1790-03-29,"Virginia","Virginia","Colonial South","Whig","29/52","Liberal","1841-1845",2,1,"Midterm","Peace","Peace",52.6904109589041,8436,3143,392,238,154,411,-284,127,21.5204081632653,1842,-0.562974203,NA,NA,NA,NA,NA,NA,NA
"55",55,55,1843,NA,1843-12-06,"written","John Tyler",1790-03-29,"Virginia","Virginia","Colonial South","Whig","29/52","Liberal","1841-1845",3,1,"Midterm","Peace","Peace",53.6885245901639,8047,2967,353,223,130,384,-233,151,22.7960339943343,1843,-0.59939302,NA,NA,NA,NA,NA,NA,NA
"56",56,56,1844,1844-11-07,1844-12-03,"written","John Tyler",1790-03-29,"Virginia","Virginia","Colonial South","Whig","29/52","Liberal","1841-1845",4,1,"Lame Duck","Peace","Peace",54.6821917808219,9331,3448,468,310,158,544,-272,272,19.9380341880342,1844,-0.635811836,NA,NA,NA,NA,NA,NA,NA
"57",57,57,1845,NA,1845-12-02,"written","James K. Polk",1795-11-02,"Virginia","Virginia","Colonial South","Democratic","34/58","Conservative","1845-1849",1,1,"Newly Elected","Peace","Peace",50.0821917808219,16147,6229,731,478,253,725,-418,307,22.0889192886457,1845,-0.672230653,NA,NA,NA,NA,NA,NA,NA
"58",58,58,1846,1846-08-02,1846-12-08,"written","James K. Polk",1795-11-02,"Virginia","Virginia","Colonial South","Democratic","34/58","Conservative","1845-1849",2,1,"Midterm","Declared","War",51.0986301369863,18251,7023,906,493,413,794,-693,101,20.144591611479,1846,-0.708649469,NA,NA,NA,NA,NA,NA,NA
"59",59,59,1847,NA,1847-12-07,"written","James K. Polk",1795-11-02,"Virginia","Virginia","Colonial South","Democratic","38/60","Conservative","1845-1849",3,1,"Midterm","Declared","War",52.0956284153005,16446,6261,896,491,405,809,-692,117,18.3549107142857,1847,-0.745068285,NA,NA,NA,NA,NA,NA,NA
"60",60,60,1848,1848-11-07,1848-12-05,"written","James K. Polk",1795-11-02,"Virginia","Virginia","Colonial South","Democratic","38/60","Conservative","1845-1849",4,1,"Lame Duck","Peace","Peace",53.0904109589041,21366,8166,874,518,356,912,-619,293,24.4462242562929,1848,-0.781487102,NA,NA,NA,NA,NA,NA,NA
"61",61,61,1849,NA,1849-12-04,"written","Zachary Taylor",1784-11-24,"Virginia","Washington D.C.","Colonial South","Whig","25/62","Liberal","1849-1850",1,1,"Newly Elected","Peace","Peace",65.027397260274,7637,2948,336,232,104,389,-188,201,22.7291666666667,1849,-0.817905918,NA,NA,NA,NA,NA,NA,NA
"62",62,62,1850,1850-08-05,1850-12-02,"written","Millard Fillmore",1800-01-07,"New York","New York","New England","Whig","25/62","Liberal","1850-1853",1,0,"Replacement","Peace","Peace",50.9013698630137,8340,3132,376,252,124,423,-240,183,22.1808510638298,1850,-0.854324734,NA,NA,NA,NA,NA,NA,NA
"63",63,63,1851,NA,1851-12-02,"written","Millard Fillmore",1800-01-07,"New York","New York","New England","Whig","23/62","Liberal","1850-1853",2,0,"Midterm","Peace","Peace",51.9013698630137,13273,5067,524,343,181,559,-359,200,25.3301526717557,1851,-0.890743551,NA,NA,NA,NA,NA,NA,NA
"64",64,64,1852,1852-11-02,1852-12-06,"written","Millard Fillmore",1800-01-07,"New York","New York","New England","Whig","23/62","Liberal","1850-1853",3,0,"Lame Duck","Peace","Peace",52.9125683060109,9951,3787,445,301,144,507,-272,235,22.361797752809,1852,-0.927162367,NA,NA,NA,NA,NA,NA,NA
"65",65,65,1853,NA,1853-12-05,"written","Franklin Pierce",1804-11-23,"New Hampshire","New Hampshire","New England","Democratic","38/62","Conservative","1853-1857",1,1,"Newly Elected","Peace","Peace",49.0328767123288,9613,3737,450,301,149,510,-250,260,21.3622222222222,1853,-0.963581184,NA,NA,NA,NA,NA,NA,NA
"66",66,66,1854,1854-08-04,1854-12-04,"written","Franklin Pierce",1804-11-23,"New Hampshire","New Hampshire","New England","Democratic","38/62","Conservative","1853-1857",2,1,"Midterm","Peace","Peace",50.0301369863014,10152,4021,504,286,218,450,-403,47,20.1428571428571,1854,-1,1,NA,NA,NA,NA,NA,NA
"67",67,67,1855,NA,1855-12-31,"written","Franklin Pierce",1804-11-23,"New Hampshire","New Hampshire","New England","Democratic","39/62","Conservative","1853-1857",3,1,"Midterm","Peace","Peace",51.103825136612,11626,4454,508,300,208,452,-377,75,22.8858267716535,1855,-0.2,-3,NA,NA,NA,NA,NA,NA
"68",68,68,1856,1856-12-03,1856-12-02,"written","Franklin Pierce",1804-11-23,"New Hampshire","New Hampshire","New England","Democratic","39/62","Conservative","1853-1857",4,1,"Midterm","Peace","Peace",52.0246575342466,10512,4028,477,276,201,423,-360,63,22.0377358490566,1856,0.6,-7,NA,NA,NA,NA,NA,NA
"69",69,69,1857,NA,1857-12-08,"written","James Buchanan",1791-04-23,"Pennsylvania","Pennsylvania","New England","Democratic","41/66","Conservative","1857-1861",1,1,"Newly Elected","Peace","Peace",66.627397260274,13685,5231,627,364,263,595,-502,93,21.8261562998405,1857,0.333333333,2,NA,NA,NA,NA,NA,NA
"70",70,70,1858,1858-08-02,1858-12-19,"written","James Buchanan",1791-04-23,"Pennsylvania","Pennsylvania","New England","Democratic","41/66","Conservative","1857-1861",2,1,"Midterm","Peace","Peace",67.6575342465753,16396,6339,788,464,324,743,-606,137,20.8071065989848,1858,-1,6,NA,NA,NA,NA,NA,NA
"71",71,71,1859,NA,1859-12-19,"written","James Buchanan",1791-04-23,"Pennsylvania","Pennsylvania","New England","Democratic","38/66","Conservative","1857-1861",3,1,"Midterm","Peace","Peace",68.655737704918,12378,4777,587,335,252,550,-463,87,21.0868824531516,1859,0.090909091,-3,NA,NA,NA,NA,NA,NA
"72",72,72,1860,1860-11-06,1860-12-03,"written","James Buchanan",1791-04-23,"Pennsylvania","Pennsylvania","New England","Democratic","38/66","Conservative","1857-1861",4,1,"Lame Duck","Peace","Peace",69.613698630137,14085,5289,639,377,262,644,-516,128,22.0422535211268,1860,0.5,1,NA,NA,NA,NA,NA,NA
"73",73,73,1861,NA,1861-12-03,"written","Abraham Lincoln",1809-02-12,"Kentucky","Washington D.C.","North","Republican","31/50","Liberal","1861-1865",1,1,"Newly Elected","Peace","War",52.8054794520548,6998,2578,287,189,98,338,-177,161,24.383275261324,1861,-0.739130435,0,NA,NA,NA,NA,NA,NA
"74",74,74,1862,1862-06-02,1862-12-01,"written","Abraham Lincoln",1809-02-12,"Kentucky","Washington D.C.","North","Republican","31/50","Liberal","1861-1865",2,1,"Midterm","Peace","War",53.8,8410,3088,381,226,155,348,-279,69,22.0734908136483,1862,-0.217391304,-4,NA,NA,NA,NA,NA,NA
"75",75,75,1863,NA,1863-12-08,"written","Abraham Lincoln",1809-02-12,"Kentucky","Washington D.C.","North","Republican","33/52","Liberal","1861-1865",3,1,"Midterm","Peace","War",54.8191780821918,6132,2398,303,183,120,287,-227,60,20.2376237623762,1863,0.304347826,-8,NA,NA,NA,NA,NA,NA
"76",76,76,1864,1864-11-08,1864-12-06,"written","Abraham Lincoln",1809-02-12,"Kentucky","Washington D.C.","North","Republican","33/52","Liberal","1861-1865",4,1,"Reelected","Peace","War",55.8142076502732,5975,2398,268,169,99,284,-190,94,22.294776119403,1864,0.826086957,-12,NA,NA,NA,NA,NA,NA
"77",77,77,1865,NA,1865-12-04,"written","Andrew Johnson",1809-02-16,"North Carolina","Tennessee","South","Republican","39/54","Liberal","1865-1869",1,0,"Replacement","Peace","War",56.7972602739726,9258,3349,487,324,163,543,-319,224,19.0102669404517,1865,0.5,3,NA,NA,NA,NA,NA,NA
"78",78,78,1866,1866-06-04,1866-12-03,"written","Andrew Johnson",1809-02-16,"North Carolina","Tennessee","South","Republican","39/54","Liberal","1865-1869",2,0,"Midterm","Peace","Peace",57.7945205479452,7155,2889,356,239,117,383,-210,173,20.0983146067416,1866,-0.25,7,NA,NA,NA,NA,NA,NA
"79",79,79,1867,NA,1867-12-03,"written","Andrew Johnson",1809-02-16,"North Carolina","Tennessee","South","Republican","57/68","Liberal","1865-1869",3,0,"Midterm","Peace","Peace",58.7945205479452,12032,4630,642,364,278,620,-550,70,18.7414330218069,1867,-1,11,NA,NA,NA,NA,NA,NA
"80",80,80,1868,1868-12-02,1868-12-09,"written","Andrew Johnson",1809-02-16,"North Carolina","Tennessee","South","Republican","57/68","Liberal","1865-1869",4,0,"Lame Duck","Peace","Peace",59.8114754098361,9886,4100,444,271,173,437,-332,105,22.2657657657658,1868,0.333333333,-2,NA,NA,NA,NA,NA,NA
"81",81,81,1869,NA,1869-12-06,"written","Ulysses S. Grant",1822-04-27,"Ohio","New York","North","Republican","62/74","Liberal","1869-1873",1,1,"Newly Elected","Peace","Peace",47.6109589041096,7720,2946,354,244,110,385,-202,183,21.8079096045198,1869,0.333333333,2,NA,NA,NA,NA,NA,NA
"82",82,82,1870,1870-06-06,1870-12-05,"written","Ulysses S. Grant",1822-04-27,"Ohio","New York","North","Republican","62/74","Liberal","1869-1873",2,1,"Midterm","Peace","Peace",48.6082191780822,8772,3414,410,274,136,420,-244,176,21.3951219512195,1870,-1,6,NA,NA,NA,NA,NA,NA
"83",83,83,1871,NA,1871-12-04,"written","Ulysses S. Grant",1822-04-27,"Ohio","New York","North","Republican","56/74","Liberal","1869-1873",3,1,"Midterm","Peace","Peace",49.603825136612,6480,2488,328,235,93,381,-183,198,19.7560975609756,1871,-0.294117647,-3,NA,NA,NA,NA,NA,NA
"84",84,84,1872,1872-11-05,1872-12-02,"written","Ulysses S. Grant",1822-04-27,"Ohio","New York","North","Republican","56/74","Liberal","1869-1873",4,1,"Reelected","Peace","Peace",50.6,10131,4149,429,304,125,519,-232,287,23.6153846153846,1872,0.411764706,-7,NA,NA,NA,NA,NA,NA
"85",85,85,1873,NA,1873-12-01,"written","Ulysses S. Grant",1822-04-27,"Ohio","New York","North","Republican","47/74","Liberal","1873-1877",5,2,"Midterm","Peace","Peace",51.5972602739726,10058,3965,424,300,124,474,-237,237,23.7216981132075,1873,0.938461538,1,NA,NA,NA,NA,NA,NA
"86",86,86,1874,1874-11-03,1874-12-07,"written","Ulysses S. Grant",1822-04-27,"Ohio","New York","North","Republican","47/74","Liberal","1873-1877",6,2,"Midterm","Peace","Peace",52.613698630137,9844,3748,433,270,163,428,-330,98,22.7344110854503,1874,0.569230769,5,NA,NA,NA,NA,NA,NA
"87",87,87,1875,NA,1875-12-07,"written","Ulysses S. Grant",1822-04-27,"Ohio","New York","North","Republican","46/76","Liberal","1873-1877",7,2,"Midterm","Peace","Peace",53.6120218579235,12238,4620,527,340,187,529,-349,180,23.2220113851992,1875,0.2,9,NA,NA,NA,NA,NA,NA
"88",88,88,1876,1876-11-07,1876-12-05,"written","Ulysses S. Grant",1822-04-27,"Ohio","New York","North","Republican","46/76","Liberal","1873-1877",8,2,"Lame Duck","Peace","Peace",54.6082191780822,6816,2603,278,196,82,308,-157,151,24.5179856115108,1876,-0.169230769,13,NA,NA,NA,NA,NA,NA
"89",89,89,1877,NA,1877-12-03,"written","Rutherford B. Hayes",1822-10-04,"Ohio","Ohio","North","Republican","40/76","Liberal","1877-1881",1,1,"Newly Elected","Peace","Peace",55.1643835616438,10755,4243,565,380,185,632,-337,295,19.0353982300885,1877,-0.538461538,17,NA,NA,NA,NA,NA,NA
"90",90,90,1878,1878-11-05,1878-12-02,"written","Rutherford B. Hayes",1822-10-04,"Ohio","Ohio","North","Republican","40/76","Liberal","1877-1881",2,1,"Midterm","Peace","Peace",56.1616438356164,7909,3213,342,249,93,411,-174,237,23.125730994152,1878,-0.907692308,21,NA,NA,NA,NA,NA,NA
"91",91,91,1879,NA,1879-12-01,"written","Rutherford B. Hayes",1822-10-04,"Ohio","Ohio","North","Republican","33/76","Liberal","1877-1881",3,1,"Midterm","Peace","Peace",57.1584699453552,11670,4649,510,361,149,579,-255,324,22.8823529411765,1879,-0.5,-2,NA,NA,NA,NA,NA,NA
"92",92,92,1880,1880-11-02,1880-12-06,"written","Rutherford B. Hayes",1822-10-04,"Ohio","Ohio","North","Republican","33/76","Liberal","1877-1881",4,1,"Lame Duck","Peace","Peace",58.172602739726,13405,5539,623,453,170,752,-302,450,21.5168539325843,1880,0.166666667,-6,NA,NA,NA,NA,NA,NA
"93",93,93,1881,NA,1881-12-06,"written","Chester A. Arthur",1829-10-05,"Vermont","New York","New England","Republican","37/76","Liberal","1881-1885",1,1,"Replacement","Peace","Peace",52.1698630136986,13382,5455,611,406,205,700,-370,330,21.9018003273322,1881,0.833333333,-10,NA,NA,NA,NA,NA,NA
"94",94,94,1882,1882-11-07,1882-12-04,"written","Chester A. Arthur",1829-10-05,"Vermont","New York","New England","Republican","37/76","Liberal","1881-1885",2,1,"Midterm","Peace","Peace",53.1643835616438,10315,4184,378,243,135,399,-248,151,27.2883597883598,1882,0.526315789,3,NA,NA,NA,NA,NA,NA
"95",95,95,1883,NA,1883-12-04,"written","Chester A. Arthur",1829-10-05,"Vermont","New York","New England","Republican","38/76","Liberal","1881-1885",3,1,"Midterm","Peace","Peace",54.1639344262295,8414,3569,318,201,117,329,-220,109,26.4591194968553,1883,-0.105263158,7,NA,NA,NA,NA,NA,NA
"96",96,96,1884,1884-11-04,1884-12-01,"written","Chester A. Arthur",1829-10-05,"Vermont","New York","New England","Republican","38/76","Liberal","1881-1885",4,1,"Lame Duck","Peace","Peace",55.1561643835616,8956,3753,373,259,114,431,-203,228,24.0107238605898,1884,-0.736842105,11,NA,NA,NA,NA,NA,NA
"97",97,97,1885,NA,1885-12-08,"written","Grover Cleveland",1837-03-18,"New Jersey","New Jersey","New England","Democratic","34/76","Conservative","1885-1889",1,1,"Newly Elected","Peace","Peace",48.7260273972603,19828,7963,980,641,339,1037,-632,405,20.2326530612245,1885,0.363636364,-1,NA,NA,NA,NA,NA,NA
"98",98,98,1886,1886-11-02,1886-12-06,"written","Grover Cleveland",1837-03-18,"New Jersey","New Jersey","New England","Democratic","34/76","Conservative","1885-1889",2,1,"Midterm","Peace","Peace",49.7205479452055,15196,6059,715,487,228,803,-412,391,21.2531468531469,1886,-0.727272727,-5,NA,NA,NA,NA,NA,NA
"99",99,99,1887,NA,1887-12-06,"written","Grover Cleveland",1837-03-18,"New Jersey","New Jersey","New England","Democratic","37/76","Conservative","1885-1889",3,1,"Midterm","Peace","Peace",50.7185792349727,5305,2058,230,137,93,228,-170,58,23.0652173913043,1887,-0.384615385,2,NA,NA,NA,NA,NA,NA
"100",100,100,1888,1888-11-06,1888-12-03,"written","Grover Cleveland",1837-03-18,"New Jersey","New Jersey","New England","Democratic","37/76","Conservative","1885-1889",4,1,"Lame Duck","Peace","Peace",51.7123287671233,13275,5493,682,438,244,744,-462,282,19.4648093841642,1888,-0.407407407,-2,NA,NA,NA,NA,NA,NA
"101",101,101,1889,NA,1889-12-03,"written","Benjamin Harrison",1833-08-20,"Ohio","Indiana","North","Republican","51/88","Liberal","1889-1893",1,1,"Newly Elected","Peace","Peace",56.2876712328767,13038,5053,577,381,196,617,-370,247,22.5961871750433,1889,0.481481481,-6,NA,NA,NA,NA,NA,NA
"102",102,102,1890,1890-11-04,1890-12-01,"written","Benjamin Harrison",1833-08-20,"Ohio","Indiana","North","Republican","51/88","Liberal","1889-1893",2,1,"Midterm","Peace","Peace",57.2821917808219,11559,4577,557,396,161,625,-325,300,20.7522441651706,1890,0,1,NA,NA,NA,NA,NA,NA
"103",103,103,1891,NA,1891-12-09,"written","Benjamin Harrison",1833-08-20,"Ohio","Indiana","North","Republican","47/88","Liberal","1889-1893",3,1,"Midterm","Peace","Peace",58.3032786885246,16357,6199,718,468,250,736,-492,244,22.7813370473538,1891,-0.3,-1,NA,NA,NA,NA,NA,NA
"104",104,104,1892,1892-11-08,1892-12-02,"written","Benjamin Harrison",1833-08-20,"Ohio","Indiana","North","Republican","47/88","Liberal","1889-1893",4,1,"Lame Duck","Peace","Peace",59.2849315068493,13718,5401,577,409,168,633,-317,316,23.7746967071057,1892,0.80952381,-5,NA,NA,NA,NA,NA,NA
"105",105,105,1893,NA,1893-12-04,"written","Grover Cleveland",1837-03-18,"New Jersey","New Jersey","New England","Democratic","44/48","Conservative","1893-1897",1,1,"Newly Elected","Peace","Peace",56.7150684931507,12360,5283,548,344,204,536,-376,160,22.5547445255474,1893,0.9,3,NA,NA,NA,NA,NA,NA
"106",106,106,1894,1894-11-06,1894-12-03,"written","Grover Cleveland",1837-03-18,"New Jersey","New Jersey","New England","Democratic","44/48","Conservative","1893-1897",2,1,"Midterm","Peace","Peace",57.7123287671233,15972,6665,681,426,255,692,-468,224,23.4537444933921,1894,-0.333333333,-1,NA,NA,NA,NA,NA,NA
"107",107,107,1895,NA,1895-12-02,"written","Grover Cleveland",1837-03-18,"New Jersey","New Jersey","New England","Democratic","40/90","Conservative","1893-1897",3,1,"Midterm","Peace","Peace",58.707650273224,14710,6063,759,473,286,778,-528,250,19.3807641633729,1895,1,0,NA,NA,NA,NA,NA,NA
"108",108,108,1896,1896-11-03,1896-12-07,"written","Grover Cleveland",1837-03-18,"New Jersey","New Jersey","New England","Democratic","40/90","Conservative","1893-1897",4,1,"Lame Duck","Peace","Peace",59.7232876712329,15568,6305,773,487,286,793,-525,268,20.1397153945666,1896,-0.333333333,4,NA,NA,NA,NA,NA,NA
"109",109,109,1897,NA,1897-12-06,"written","William McKinley",1843-01-29,"Ohio","New York","North","Republican","44/90","Liberal","1897-1901",1,1,"Newly Elected","Peace","Peace",54.8520547945205,12157,4810,611,351,260,542,-465,77,19.8968903436989,1897,-0.5,-1,NA,NA,NA,NA,NA,NA
"110",110,110,1898,1898-11-08,1898-12-05,"written","William McKinley",1843-01-29,"Ohio","New York","North","Republican","44/90","Liberal","1897-1901",2,1,"Midterm","Declared","War",55.8493150684931,20301,8741,980,637,343,1038,-636,402,20.715306122449,1898,0.5,-5,NA,NA,NA,NA,NA,NA
"111",111,111,1899,NA,1899-12-05,"written","William McKinley",1843-01-29,"Ohio","New York","North","Republican","53/90","Liberal","1897-1901",3,1,"Midterm","Peace","War",56.8493150684931,22907,9504,1033,759,274,1208,-521,687,22.1752178121975,1899,0.333333333,1,NA,NA,NA,NA,NA,NA
"112",112,112,1900,1900-11-06,1900-12-03,"written","William McKinley",1843-01-29,"Ohio","New York","North","Republican","53/90","Liberal","1897-1901",4,1,"Lame Duck","Peace","War",57.8438356164384,19228,8133,826,610,216,1009,-391,618,23.2784503631961,1900,-1,5,NA,NA,NA,NA,NA,NA
"113",113,113,1901,NA,1901-12-03,"written","Theodore Roosevelt",1858-10-27,"New York","New York","New England","Republican","56/90","Liberal","1901-1905",1,1,"Replacement","Peace","War",43.1013698630137,19708,7298,1011,628,383,1080,-742,338,19.4935707220574,1901,0.142857143,-3,NA,NA,NA,NA,NA,NA
"114",114,114,1902,1902-11-04,1902-12-02,"written","Theodore Roosevelt",1858-10-27,"New York","New York","New England","Republican","56/90","Liberal","1901-1905",2,1,"Midterm","Peace","Peace",44.0986301369863,9825,3576,423,257,166,465,-318,147,23.2269503546099,1902,0.739130435,0,NA,NA,NA,NA,NA,NA
"115",115,115,1903,NA,1903-12-07,"written","Theodore Roosevelt",1858-10-27,"New York","New York","New England","Republican","57/90","Liberal","1901-1905",3,1,"Midterm","Peace","Peace",45.1120218579235,15017,6014,676,441,235,699,-459,240,22.2144970414201,1903,-0.304347826,4,NA,NA,NA,NA,NA,NA
"116",116,116,1904,1904-11-08,1904-12-06,"written","Theodore Roosevelt",1858-10-27,"New York","New York","New England","Republican","57/90","Liberal","1901-1905",4,1,"Reelected","Peace","Peace",46.1095890410959,17515,6507,796,495,301,819,-601,218,22.0037688442211,1904,-0.757575758,0,NA,NA,NA,NA,NA,NA
"117",117,117,1905,NA,1905-12-05,"written","Theodore Roosevelt",1858-10-27,"New York","New York","New England","Republican","58/90","Liberal","1905-1909",5,2,"Midterm","Peace","Peace",47.1068493150685,25147,9132,1252,742,510,1246,-936,310,20.0854632587859,1905,-0.03030303,-4,NA,NA,NA,NA,NA,NA
"118",118,118,1906,1906-11-06,1906-12-03,"written","Theodore Roosevelt",1858-10-27,"New York","New York","New England","Republican","58/90","Liberal","1905-1909",6,2,"Midterm","Peace","Peace",48.1013698630137,23680,8779,1347,729,618,1253,-1306,-53,17.5798069784707,1906,0.696969697,-8,NA,NA,NA,NA,NA,NA
"119",119,119,1907,NA,1907-12-03,"written","Theodore Roosevelt",1858-10-27,"New York","New York","New England","Republican","61/92","Liberal","1905-1909",7,2,"Midterm","Peace","Peace",49.1010928961749,27519,10230,1348,754,594,1266,-1125,141,20.4146884272997,1907,-0.076923077,2,NA,NA,NA,NA,NA,NA
"120",121,121,1909,NA,1909-12-07,"written","William Howard Taft",1857-09-15,"Ohio","Washington D.C.","North","Republican","60/92","Conservative","1909-1913",1,1,"Newly Elected","Peace","Peace",52.227397260274,13947,5515,571,408,163,651,-300,351,24.4255691768827,1909,0.894736842,-5,NA,NA,NA,NA,NA,NA
"121",122,122,1910,1910-11-08,1910-12-06,"written","William Howard Taft",1857-09-15,"Ohio","Washington D.C.","North","Republican","60/92","Conservative","1909-1913",2,1,"Midterm","Peace","Peace",53.2246575342466,27696,11178,1075,746,329,1233,-604,629,25.7637209302326,1910,0.12,3,NA,NA,NA,NA,NA,NA
"122",123,123,1911,NA,1911-12-05,"written","William Howard Taft",1857-09-15,"Ohio","Washington D.C.","North","Republican","52/96","Conservative","1909-1913",3,1,"Midterm","Peace","Peace",54.2213114754098,23838,9598,942,611,331,986,-578,408,25.3057324840764,1911,-0.92,7,NA,NA,NA,NA,NA,NA
"123",124,124,1912,1911-11-05,1912-12-03,"written","William Howard Taft",1857-09-15,"Ohio","Washington D.C.","North","Republican","52/96","Conservative","1909-1913",4,1,"Lame Duck","Peace","Peace",55.2164383561644,25275,10215,1099,744,355,1208,-645,563,22.9981801637853,1912,0.833333333,-3,NA,NA,NA,NA,NA,NA
"124",125,125,1913,NA,1913-12-02,"speech","Woodrow Wilson",1856-12-28,"Virginia","Washington D.C.","New England","Democratic","51/96","Liberal","1913-1917",1,1,"Newly Elected","Peace","Peace",56.9287671232877,3566,1218,147,107,40,170,-61,109,24.2585034013605,1913,0.043478261,3,NA,NA,NA,NA,NA,NA
"125",126,126,1914,1914-11-03,1914-12-08,"speech","Woodrow Wilson",1856-12-28,"Virginia","Washington D.C.","New England","Democratic","51/96","Liberal","1913-1917",2,1,"Midterm","Peace","Peace",57.9452054794521,4550,1388,221,141,80,229,-132,97,20.5882352941176,1914,-1,7,NA,NA,NA,NA,NA,NA
"126",127,127,1915,NA,1915-12-07,"speech","Woodrow Wilson",1856-12-28,"Virginia","Washington D.C.","New England","Democratic","56/96","Liberal","1913-1917",3,1,"Midterm","Peace","Peace",58.9424657534247,7735,2660,328,216,112,348,-203,145,23.5823170731707,1915,-0.454545455,-3,NA,NA,NA,NA,NA,NA
"127",128,128,1916,1916-11-07,1916-12-05,"speech","Woodrow Wilson",1856-12-28,"Virginia","Washington D.C.","New England","Democratic","56/96","Liberal","1913-1917",4,1,"Newly Reelected","Peace","Peace",59.9371584699454,2125,769,99,59,40,85,-56,29,21.4646464646465,1916,0.090909091,-7,NA,NA,NA,NA,NA,NA
"128",129,129,1917,NA,1917-12-04,"speech","Woodrow Wilson",1856-12-28,"Virginia","Washington D.C.","New England","Democratic","54/96","Liberal","1917-1921",5,2,"Midterm","Declared","War",60.9342465753425,3931,1299,257,131,126,238,-243,-5,15.295719844358,1917,0.636363636,-11,NA,NA,NA,NA,NA,NA
"129",130,130,1918,1918-11-05,1918-12-02,"speech","Woodrow Wilson",1856-12-28,"Virginia","Washington D.C.","New England","Democratic","54/96","Liberal","1917-1921",6,2,"Midterm","Declared","War",61.9287671232877,5482,1809,257,167,90,311,-157,154,21.3307392996109,1918,-0.142857143,1,NA,NA,NA,NA,NA,NA
"130",131,131,1919,NA,1919-12-02,"written","Woodrow Wilson",1856-12-28,"Virginia","Washington D.C.","New England","Democratic","47/96","Liberal","1917-1921",7,2,"Midterm","Peace","Peace",62.9287671232877,4765,1834,257,155,102,253,-180,73,18.5408560311284,1919,0.8,-2,NA,NA,NA,NA,NA,NA
"131",132,132,1920,1920-11-02,1920-12-07,"written","Woodrow Wilson",1856-12-28,"Virginia","Washington D.C.","New England","Democratic","47/96","Liberal","1917-1921",8,2,"Lame Duck","Peace","Peace",63.9426229508197,2714,1005,147,96,51,158,-101,57,18.4625850340136,1920,-0.222222222,3,NA,NA,NA,NA,NA,NA
"132",133,133,1921,NA,1921-12-06,"speech","Warren G. Harding",1865-11-02,"Ohio","California","North","Republican","59/96","Conservative","1921-1923",1,1,"Newly Elected","Peace","Peace",56.0931506849315,5621,2218,289,165,124,284,-232,52,19.4498269896194,1921,-0.545454545,0,NA,NA,NA,NA,NA,NA
"133",134,134,1922,1922-11-07,1922-12-08,"speech","Warren G. Harding",1865-11-02,"Ohio","California","North","Republican","59/96","Conservative","1921-1923",2,1,"Midterm","Peace","Peace",57.0986301369863,5774,2365,312,155,157,244,-280,-36,18.5064102564103,1922,0.545454545,-4,NA,NA,NA,NA,NA,NA
"134",135,135,1923,NA,1923-12-06,"speech","Calvin Coolidge",1872-07-04,"Vermont","Massachusettes","New England","Republican","53/96","Conservative","1923-1925",1,0,"Replacement","Peace","Peace",51.4234972677596,6715,2686,378,260,118,435,-219,216,17.7645502645503,1923,0,2,NA,NA,NA,NA,NA,NA
"135",136,136,1924,1924-11-04,1924-12-03,"written","Calvin Coolidge",1872-07-04,"Vermont","Massachusettes","New England","Republican","53/96","Conservative","1923-1925",2,0,"Newly Elected","Peace","Peace",52.4164383561644,6978,2727,336,231,105,394,-199,195,20.7678571428571,1924,-0.62962963,0,NA,NA,NA,NA,NA,NA
"136",137,137,1925,NA,1925-12-08,"written","Calvin Coolidge",1872-07-04,"Vermont","Massachusettes","New England","Republican","54/96","Conservative","1925-1929",3,1,"Midterm","Peace","Peace",53.4301369863014,10871,4171,492,335,157,580,-280,300,22.0955284552846,1925,0.259259259,-4,NA,NA,NA,NA,NA,NA
"137",138,138,1926,1926-11-02,1926-12-07,"written","Calvin Coolidge",1872-07-04,"Vermont","Massachusettes","New England","Republican","54/96","Conservative","1925-1929",4,1,"Midterm","Peace","Peace",54.427397260274,10333,4029,490,333,157,562,-294,268,21.0877551020408,1926,0.692307692,1,NA,NA,NA,NA,NA,NA
"138",139,139,1927,NA,1927-12-06,"written","Calvin Coolidge",1872-07-04,"Vermont","Massachusettes","New England","Republican","48/96","Conservative","1925-1929",5,1,"Midterm","Peace","Peace",55.4234972677596,8800,3531,434,277,157,462,-300,162,20.2764976958525,1927,-0.904761905,5,NA,NA,NA,NA,NA,NA
"139",140,140,1928,1928-11-06,1928-12-04,"written","Calvin Coolidge",1872-07-04,"Vermont","Massachusettes","New England","Republican","48/96","Conservative","1925-1929",6,1,"Lame Duck","Peace","Peace",56.4191780821918,8083,3374,369,267,102,423,-183,240,21.9051490514905,1928,0.238095238,-3,NA,NA,NA,NA,NA,NA
"140",141,141,1929,NA,1929-12-03,"written","Herbert Hoover",1874-08-10,"Iowa","New York","North","Republican","56/96","Conservative","1929-1933",1,1,"Newly Elected","Peace","Peace",55.3150684931507,11051,4610,485,337,148,566,-282,284,22.7855670103093,1929,0.813953488,1,NA,NA,NA,NA,NA,NA
"141",142,142,1930,1930-11-04,1930-12-02,"written","Herbert Hoover",1874-08-10,"Iowa","New York","North","Republican","56/96","Conservative","1929-1933",2,1,"Midterm","Peace","Peace",56.3123287671233,4560,1968,175,109,66,181,-121,60,26.0571428571429,1930,0.255813953,5,NA,NA,NA,NA,NA,NA
"142",143,143,1931,NA,1931-12-08,"written","Herbert Hoover",1874-08-10,"Iowa","New York","North","Republican","48/96","Conservative","1929-1933",3,1,"Midterm","Peace","Peace",57.327868852459,5705,2508,291,178,113,287,-222,65,19.6048109965636,1931,-0.302325581,9,NA,NA,NA,NA,NA,NA
"143",144,144,1932,1932-11-08,1932-12-06,"written","Herbert Hoover",1874-08-10,"Iowa","New York","North","Republican","48/96","Conservative","1929-1933",4,1,"Lame Duck","Peace","Peace",58.3232876712329,4232,1861,203,111,92,180,-177,3,20.8472906403941,1932,-0.860465116,13,NA,NA,NA,NA,NA,NA
"144",145,145,1934,1934-11-06,1934-01-03,"speech","Franklin D. Roosevelt",1882-01-30,"New York","Georgia","New England","Democratic","59/96","Liberal","1933-1937",1,1,"Midterm","Peace","Peace",51.9260273972603,2233,894,121,74,47,126,-89,37,18.4545454545455,1934,-0.607843137,-3,NA,NA,NA,NA,NA,NA
"145",146,146,1935,NA,1935-01-04,"speech","Franklin D. Roosevelt",1882-01-30,"New York","Georgia","New England","Democratic","69/96","Liberal","1933-1937",2,1,"Midterm","Peace","Peace",52.9287671232877,3536,1386,149,99,50,178,-102,76,23.7315436241611,1935,-0.137254902,-7,NA,NA,NA,NA,NA,NA
"146",147,147,1936,1936-11-03,1936-01-03,"speech","Franklin D. Roosevelt",1882-01-30,"New York","Georgia","New England","Democratic","69/96","Liberal","1933-1937",3,1,"Midterm","Peace","Peace",53.9260273972603,3835,1405,240,150,90,275,-173,102,15.9791666666667,1936,0.37254902,-11,NA,NA,NA,NA,NA,NA
"147",148,148,1937,NA,1937-01-06,"speech","Franklin D. Roosevelt",1882-01-30,"New York","Georgia","New England","Democratic","76/96","Liberal","1937-1941",4,2,"Reelected","Peace","Peace",54.9344262295082,2743,1068,128,85,43,142,-81,61,21.4296875,1937,0.843137255,-15,NA,NA,NA,NA,NA,NA
"148",149,149,1938,1938-11-08,1938-01-03,"speech","Franklin D. Roosevelt",1882-01-30,"New York","Georgia","New England","Democratic","76/96","Liberal","1937-1941",5,2,"Midterm","Peace","Peace",55.9260273972603,4716,1798,257,112,145,179,-271,-92,18.3501945525292,1938,-0.230769231,3,NA,NA,NA,NA,NA,NA
"149",150,150,1939,NA,1939-01-04,"speech","Franklin D. Roosevelt",1882-01-30,"New York","Georgia","New England","Democratic","69/96","Liberal","1937-1941",6,2,"Midterm","Peace","Peace",56.9287671232877,3785,1463,218,129,89,198,-164,34,17.3623853211009,1939,NA,-2,NA,NA,NA,NA,NA,NA
"150",151,151,1940,1940-11-05,1940-01-03,"speech","Franklin D. Roosevelt",1882-01-30,"New York","Georgia","New England","Democratic","69/96","Liberal","1937-1941",7,2,"Reelected","Peace","Peace",57.9260273972603,3218,1178,188,111,77,182,-152,30,17.1170212765957,1940,-0.525,-6,NA,NA,NA,NA,NA,NA
"151",152,152,1941,NA,1941-01-06,"speech","Franklin D. Roosevelt",1882-01-30,"New York","Georgia","New England","Democratic","66/96","Liberal","1941-1945",8,3,"Midterm","Peace","Peace",58.9344262295082,3332,1201,207,129,78,229,-146,83,16.0966183574879,1941,-0.225,-10,NA,NA,NA,NA,NA,NA
"152",154,154,1943,NA,1943-01-07,"speech","Franklin D. Roosevelt",1882-01-30,"New York","Georgia","New England","Democratic","57/96","Liberal","1941-1945",10,3,"Midterm","Declared","War",60.9369863013699,4618,1714,301,136,165,250,-294,-44,15.3421926910299,1943,0.375,-18,NA,NA,NA,NA,NA,NA
"153",155,155,1944,1944-11-07,1944-01-11,"speech","Franklin D. Roosevelt",1882-01-30,"New York","Georgia","New England","Democratic","57/96","Liberal","1941-1945",11,3,"Reelected","Declared","War",61.9479452054794,3842,1465,243,111,132,203,-248,-45,15.8106995884774,1944,0.675,-22,NA,NA,NA,NA,NA,NA
"154",156,156,1945,NA,1945-01-06,"written","Franklin D. Roosevelt",1882-01-30,"New York","Georgia","New England","Democratic","57/96","Liberal","1945",12,4,"Midterm","Declared","War",62.9344262295082,8202,3251,521,252,269,460,-470,-10,15.742802303263,1945,0.975,0,NA,NA,NA,NA,NA,NA
"155",157,157,1946,1946-11-05,1946-01-21,"written","Harry S Truman",1884-05-08,"Missouri","Missouri","South","Democratic","57/96","Liberal","1945-1949",1,0,"Replacement","Peace","Peace",61.7068493150685,27941,12614,1435,878,557,1387,-997,390,19.4710801393728,1946,-0.837837838,0,NA,NA,NA,NA,NA,NA
"156",158,158,1947,NA,1947-01-06,"speech","Harry S Truman",1884-05-08,"Missouri","Missouri","South","Democratic","45/96","Liberal","1945-1949",2,0,"Midterm","Peace","Peace",62.6657534246575,6090,2530,357,212,145,336,-254,82,17.0588235294118,1947,-0.189189189,-4,0.376,NA,NA,NA,NA,NA
"157",159,159,1948,1948-11-02,1948-01-07,"speech","Harry S Truman",1884-05-08,"Missouri","Missouri","South","Democratic","45/96","Liberal","1945-1949",3,0,"Midterm","Peace","Peace",63.6666666666667,5130,2109,353,248,105,416,-199,217,14.5325779036827,1948,0.459459459,-8,0.371,0.6,1.4,NA,18.4,19.4
"158",160,160,1949,NA,1949-01-05,"speech","Harry S Truman",1884-05-08,"Missouri","Missouri","South","Democratic","54/96","Liberal","1949-1953",4,1,"Reelected","Peace","Peace",64.6630136986301,3418,1405,220,161,59,261,-102,159,15.5363636363636,1949,0.636363636,1,0.378,5.8,5.9,3.8,29.75,29.525
"159",161,161,1950,1950-11-07,1950-01-04,"speech","Harry S Truman",1884-05-08,"Missouri","Missouri","South","Democratic","54/96","Liberal","1949-1953",5,1,"Midterm","Peace","Peace",65.6602739726027,5154,1987,352,272,80,468,-135,333,14.6420454545455,1950,-0.866666667,0,0.379,-3.5,-3.1,6.3,15.6,16.525
"160",162,162,1951,NA,1951-01-08,"speech","Harry S Truman",1884-05-08,"Missouri","Missouri","South","Democratic","48/96","Liberal","1949-1953",6,1,"Midterm","Peace","War",66.6712328767123,4000,1478,278,182,96,304,-174,130,14.3884892086331,1951,-0.333333333,-4,0.363,16.9,14.8,5.2,31.25,32.225
"161",163,163,1952,1952-11-04,1952-01-09,"speech","Harry S Truman",1884-05-08,"Missouri","Missouri","South","Democratic","48/96","Liberal","1949-1953",7,1,"Reelected","Peace","War",67.672131147541,5387,1929,382,248,134,430,-240,190,14.1020942408377,1952,0.2,-8,0.368,5.5,5.1,3.3,35.9,35.025
"162",164,164,1953,NA,1953-02-02,"written","Dwight D. Eisenhower",1890-10-14,"Texas","Washington D.C.","South","Republican","48/96","Conservative","1953-1957",1,1,"Midterm","Peace","War",62.3041095890411,6997,2971,395,272,123,466,-198,268,17.7139240506329,1953,0.777777778,-12,0.359,3.1,5.3,3,28.35,27.75
"163",165,165,1953,NA,1953-01-07,"written","Harry S Truman",1884-05-08,"Missouri","Missouri","South","Democratic","47/96","Liberal","1949-1953",8,1,"Midterm","Peace","War",68.6684931506849,9737,3767,650,388,262,607,-488,119,14.98,1953,0.733333333,-12,0.359,3.1,5.3,3,28.35,27.75
"164",166,166,1954,1954-11-02,1954-01-07,"speech","Dwight D. Eisenhower",1890-10-14,"Texas","Washington D.C.","South","Republican","48/96","Conservative","1953-1957",2,1,"Midterm","Peace","Peace",63.2328767123288,6027,2651,320,242,78,410,-140,270,18.834375,1954,-0.2,3,0.371,0.1,-0.1,2.9,30.45,29.1
"165",167,167,1955,NA,1955-01-06,"speech","Dwight D. Eisenhower",1890-10-14,"Texas","Washington D.C.","South","Republican","47/96","Conservative","1953-1957",3,1,"Midterm","Peace","Peace",64.2301369863014,7295,3307,499,391,108,679,-185,494,14.6192384769539,1955,-0.58974359,-2,0.363,2.4,3.6,5.7,24.55,25.1
"166",169,169,1957,NA,1957-01-10,"speech","Dwight D. Eisenhower",1890-10-14,"Texas","Washington D.C.","South","Republican","47/96","Conservative","1957-1961",5,2,"Newly Elected","Peace","Peace",66.241095890411,4166,1794,263,195,68,328,-118,210,15.8403041825095,1957,0.641025641,-10,0.351,2.4,3,4.2,38.8,38.875
"167",170,170,1958,1958-11-04,1958-01-09,"speech","Dwight D. Eisenhower",1890-10-14,"Texas","Washington D.C.","South","Republican","47/96","Conservative","1957-1961",6,2,"Midterm","Peace","Peace",67.2383561643836,4954,2051,316,216,100,366,-168,198,15.6772151898734,1958,-0.25,2,0.354,0.7,-0.5,4.2,36.3,34.25
"168",171,171,1959,NA,1959-01-09,"speech","Dwight D. Eisenhower",1890-10-14,"Texas","Washington D.C.","South","Republican","35/100","Conservative","1957-1961",7,2,"Midterm","Peace","Peace",68.2383561643836,4995,2117,327,237,90,418,-161,257,15.2752293577982,1959,-0.25,-2,0.361,5,2.7,6.9,24.75,26.05
"169",172,172,1960,1960-11-08,1960-01-07,"speech","Dwight D. Eisenhower",1890-10-14,"Texas","Washington D.C.","South","Republican","35/100","Conservative","1957-1961",8,2,"Midterm","Peace","Peace",69.2322404371585,5693,2396,395,274,121,454,-217,237,14.4126582278481,1960,0.75,-6,0.364,6.2,5.2,5.4,38.05,38.85
"170",173,173,1961,NA,1961-01-30,"written","John F. Kennedy",1917-05-29,"Massachusettes","Texas","New England","Democratic","64/100","Liberal","1961-1963",1,1,"Newly Elected","Peace","Peace",43.6739726027397,5300,2209,353,222,131,368,-236,132,15.014164305949,1961,-0.8,3,0.374,0,1.8,5.5,38.55,38.275
"171",174,174,1961,NA,1961-01-12,"written","Dwight D. Eisenhower",1890-10-14,"Texas","Washington D.C.","South","Republican","36/100","Conservative","1957-1961",9,2,"Lame Duck","Peace","Peace",70.2465753424657,6260,3077,363,294,69,502,-133,369,17.2451790633609,1961,-0.8,3,0.374,0,1.8,5.5,38.55,38.275
"172",175,175,1962,1962-11-06,1962-11-30,"speech","John F. Kennedy",1917-05-29,"Massachusettes","Texas","New England","Democratic","64/100","Liberal","1961-1963",2,1,"Midterm","Peace","Peace",45.5068493150685,6637,2843,458,300,158,507,-282,225,14.4912663755459,1962,-0.603773585,-6,0.362,4.8,5.4,6,42.5,40.81428571
"173",176,176,1963,NA,1963-01-14,"speech","John F. Kennedy",1917-05-29,"Massachusettes","Texas","New England","Democratic","66/100","Liberal","1961-1963",3,1,"Midterm","Peace","Peace",45.6301369863014,5429,2250,349,220,129,377,-232,145,15.5558739255014,1963,-0.566037736,-7,0.362,5.2,5.2,5.6,42.5,42.68571429
"174",177,177,1964,1964-11-03,1964-01-08,"speech","Lyndon B. Johnson",1908-08-27,"Texas","Texas","South","Democratic","66/100","Liberal","1964-1965",1,0,"Ascended","Peace","Peace",55.3661202185792,3233,1266,213,129,84,221,-147,74,15.1784037558685,1964,-0.339622642,-11,0.361,4.6,4.6,5.7,48.95,49.1
"175",178,178,1965,NA,1965-01-04,"speech","Lyndon B. Johnson",1908-08-27,"Texas","Texas","South","Democratic","68/100","Liberal","1965-1969",2,1,"Midterm","Peace","Peace",56.3561643835616,4453,1680,302,196,106,337,-195,142,14.7450331125828,1965,-0.113207547,-15,0.356,5.8,5.6,5.1,54.7,54.85
"176",179,179,1966,1966-11-08,1966-01-12,"speech","Lyndon B. Johnson",1908-08-27,"Texas","Texas","South","Democratic","68/100","Liberal","1965-1969",3,1,"Midterm","Peace","War",57.3780821917808,5582,2110,375,217,158,380,-286,94,14.8853333333333,1966,0.113207547,-19,0.349,7.1,7.3,4.5,67.95,68.1
"177",180,180,1967,NA,1967-01-10,"speech","Lyndon B. Johnson",1908-08-28,"Texas","Texas","South","Democratic","64/100","Liberal","1965-1969",4,1,"Midterm","Peace","War",58.3698630136986,7221,2711,442,251,191,429,-339,90,16.3371040723982,1967,0.339622642,-23,0.358,3.2,4.6,3.8,76.8,77.025
"178",181,181,1968,1968-11-05,1968-01-17,"speech","Lyndon B. Johnson",1908-08-29,"Texas","Texas","South","Democratic","64/100","Liberal","1965-1969",5,1,"Midterm","Peace","War",59.3852459016393,4941,1991,289,177,112,299,-208,91,17.0968858131488,1968,0.566037736,-27,0.348,3.2,3.2,3.8,70.25,69.35
"179",182,182,1969,NA,1969-01-14,"written","Lyndon B. Johnson",1908-08-30,"Texas","Texas","South","Democratic","57/100","Liberal","1965-1969",6,2,"Lame Duck","Peace","War",60.3753424657534,4137,1449,208,138,70,233,-124,109,19.8894230769231,1969,0.79245283,-31,0.349,5.8,5.1,3.5,75.85,76.3
"180",183,183,1970,1970-11-03,1970-01-22,"speech","Richard M. Nixon",1913-01-09,"Callifornia","New York","Pacific","Republican","43/100","Conservative","1969-1973",1,0,"Newly Elected","Peace","War",57.0356164383562,4482,1650,295,180,115,324,-215,109,15.1932203389831,1970,0.818181818,1,0.353,2.8,2.2,3.5,85.35,84.125
"181",184,184,1971,NA,1971-01-22,"speech","Richard M. Nixon",1913-01-10,"Callifornia","New York","Pacific","Republican","44/100","Conservative","1969-1973",2,0,"Midterm","Peace","War",58.0328767123288,4532,1574,204,147,57,236,-103,133,22.2156862745098,1971,-0.888888889,0,0.355,-1.4,-0.8,5,73.8,71.8
"182",185,185,1972,1972-01-20,1972-01-20,"speech","Richard M. Nixon",1913-01-11,"Callifornia","New York","Pacific","Republican","44/100","Conservative","1969-1973",3,0,"Midterm","Peace","War",59.0245901639344,3997,1428,227,143,84,239,-160,79,17.6079295154185,1972,-0.222222222,-4,0.359,4.3,5,6,89.1,89.2
"183",186,186,1974,1974-11-05,1974-01-30,"speech","Richard M. Nixon",1913-01-13,"Callifornia","New York","Pacific","Republican","42/100","Conservative","1973-1974",5,1,"Midterm","Peace","War",61.0465753424658,5199,1817,258,172,86,307,-173,134,20.1511627906977,1974,0.75,1,0.355,2.4,2.9,4.9,139.2,137.5333333
"184",187,187,1975,NA,1975-01-15,"speech","Gerald R. Ford",1913-07-14,"Nebraska","California","West","Republican","37/100","Conservative","1974-1977",1,0,"Midterm","Peace","War",61.5068493150685,4153,1824,213,129,84,201,-141,60,19.4976525821596,1975,-0.75,5,0.357,-2.5,-3,5.5,121.5,121.4
"185",188,188,1976,1976-11-02,1976-01-19,"speech","Gerald R. Ford",1913-07-15,"Nebraska","California","West","Republican","37/100","Conservative","1974-1977",2,0,"Midterm","Peace","Peace",62.5136612021858,4999,2092,335,193,142,331,-288,43,14.9223880597015,1976,-0.655172414,-3,0.358,4.1,2.9,8.4,78.6,78.45
"186",189,189,1977,NA,1977-01-12,"written","Gerald R. Ford",1913-07-16,"Nebraska","California","West","Republican","38/100","Conservative","1974-1977",3,0,"Newly Reelected","Peace","Peace",63.4931506849315,4747,1963,296,205,91,351,-166,185,16.0371621621622,1977,-0.24137931,-7,0.363,2.9,3.9,7.7,129.15,126.7
"187",190,190,1978,1978-11-07,1978-01-19,"speech","Jimmy Carter",1924-10-01,"Georgia",NA,"South","Democratic","61/100","Liberal","1977-1981",1,1,"Midterm","Peace","Peace",53.3013698630137,4580,1748,303,188,115,313,-206,107,15.1155115511551,1978,0.172413793,-11,0.363,6,6.1,7,180.9,175.475
"188",191,191,1979,NA,1979-01-25,"speech","Jimmy Carter",1924-10-03,"Georgia",NA,"South","Democratic","58/100","Liberal","1977-1981",2,1,"Midterm","Peace","Peace",54.3123287671233,3273,1416,270,193,77,339,-137,202,12.1222222222222,1979,0.586206897,-15,0.365,3.6,5.4,6,229.65,226.25
"189",192,192,1980,1980-11-04,1980-01-21,"speech","Jimmy Carter",1924-10-05,"Georgia",NA,"South","Democratic","58/100","Liberal","1977-1981",3,2,"Midterm","Peace","Peace",55.2950819672131,3475,1425,257,162,95,269,-162,107,13.5214007782101,1980,1,0,0.365,1.5,1.3,5.9,250.2,248.925
"190",193,193,1981,NA,1981-01-16,"written","Jimmy Carter",1924-10-01,"Georgia",NA,"South","Democratic","46/100","Liberal","1977-1981",4,2,"Reelected","Peace","Peace",56.2931506849315,33921,16595,1870,1371,499,2250,-893,1357,18.1395721925134,1981,0,-1,0.369,1.5,1.2,7.5,249.7,249.3
"191",194,194,1982,1982-11-02,1982-01-26,"speech","Ronald Reagan",1911-02-06,"Illinois","California","Pacific","Republican","53/100","Conservative","1981-1985",2,1,"Midterm","Peace","Peace",70.9698630136986,5240,2148,309,196,113,318,-207,111,16.957928802589,1982,0.25,2,0.38,1.6,1.3,7.5,249.7,249.3
"192",195,195,1983,NA,1983-01-25,"speech","Ronald Reagan",1911-02-07,"Illinois","California","Pacific","Republican","55/100","Conservative","1981-1985",3,1,"Midterm","Peace","Peace",71.9643835616438,5582,2275,344,228,116,393,-227,166,16.2267441860465,1983,-0.956521739,0,0.382,-2.1,-1.4,9.7,249.65,249.3
"193",196,196,1984,1984-11-06,1984-01-25,"speech","Ronald Reagan",1911-02-08,"Illinois","California","Pacific","Republican","55/100","Conservative","1981-1985",4,1,"Midterm","Peace","Peace",72.9616438356164,5014,2104,406,308,98,529,-183,346,12.3497536945813,1984,-0.695652174,-4,0.383,6.4,6.7,9.8,171.9,160.65
"194",197,197,1985,NA,1985-02-06,"speech","Ronald Reagan",1911-02-09,"Illinois","California","Pacific","Republican","53/100","Conservative","1985-1989",5,2,"Reelected","Peace","Peace",73.9918032786885,4235,1808,316,232,84,399,-151,248,13.4018987341772,1985,-0.413043478,-8,0.389,5.5,6.5,7.4,194.7,198.725
"195",198,198,1986,1986-11-04,1986-02-04,"speech","Ronald Reagan",1911-02-10,"Illinois","California","Pacific","Republican","53/100","Conservative","1985-1989",6,2,"Midterm","Peace","Peace",74.9835616438356,3493,1499,300,201,99,342,-173,169,11.6433333333333,1986,-0.152173913,-12,0.392,3,3.2,7.2,358.1,356.6
"196",199,199,1987,NA,1987-01-27,"speech","Ronald Reagan",1911-02-11,"Illinois","California","Pacific","Republican","45/100","Conservative","1985-1989",7,2,"Midterm","Peace","Peace",75.958904109589,3814,1456,216,142,74,249,-128,121,17.6574074074074,1987,0.086956522,-16,0.393,2.8,2.4,7,330.8,333.25
"197",200,200,1988,1988-11-08,1988-01-25,"speech","Ronald Reagan",1911-02-12,"Illinois","California","Pacific","Republican","45/100","Conservative","1985-1989",8,2,"Midterm","Peace","Peace",76.9506849315069,4851,1947,300,212,88,355,-153,202,16.17,1988,0.347826087,-20,0.395,5.8,5.6,6.2,313.85,317.575
"198",201,201,1989,NA,1989-02-09,"speech","George Bush",1924-06-12,"Massachusettes",NA,"South","Republican","45/100","Conservative","1989-1993",1,1,"Midterm","Peace","Peace",64.6630136986301,4824,1888,301,196,105,349,-190,159,16.0265780730897,1989,0.630434783,-24,0.401,4.9,4.8,5.4,316.15,325.875
"199",202,202,1990,1990-11-06,1990-01-31,"speech","George Bush",1924-06-13,"Massachusettes",NA,"South","Republican","45/100","Conservative","1989-1993",2,1,"Midterm","Peace","Peace",65.6356164383562,3788,1428,199,155,44,255,-84,171,19.035175879397,1990,0.869565217,-28,0.396,1.2,1,5.2,329.85,328.65
"200",203,203,1991,NA,1991-01-29,"speech","George Bush",1924-06-14,"Massachusettes",NA,"South","Republican","44/100","Conservative","1989-1993",3,1,"Midterm","Peace","War",66.627397260274,3964,1573,293,171,122,303,-240,63,13.5290102389078,1991,-0.5,2,0.397,1,1.4,5.5,348.6,349.625
"201",204,204,1992,1992-11-03,1992-01-28,"speech","George Bush",1924-06-15,"Massachusettes",NA,"South","Republican","44/100","Conservative","1989-1993",4,1,"Midterm","Peace","Peace",67.620218579235,5117,1817,263,150,113,261,-197,64,19.4562737642586,1992,-0.833333333,-3,0.404,0.6,0.5,6.9,318.65,304.45
"202",205,205,1993,NA,1993-02-17,"speech","William J. Clinton",1946-08-19,"Arkansas",NA,"South","Democratic","57/100","Liberal","1993-1997",1,1,"Newly Elected","Peace","Peace",46.4986301369863,7029,2445,386,219,167,369,-278,91,18.2098445595855,1993,-0.616666667,-7,0.429,3.6,3.9,7.4,216.9,222.025
"203",206,206,1994,1994-11-08,1994-01-25,"speech","William J. Clinton",1946-08-20,"Arkansas",NA,"South","Democratic","57/100","Liberal","1993-1997",2,1,"Midterm","Peace","Peace",47.4328767123288,7423,2743,450,256,194,440,-356,84,16.4955555555556,1994,-0.433333333,-11,0.426,2.8,2.9,6.9,275.3,268.875
"204",207,207,1995,NA,1995-01-24,"speech","William J. Clinton",1946-08-21,"Arkansas",NA,"South","Democratic","48/200","Liberal","1993-1997",3,1,"Midterm","Peace","Peace",48.427397260274,9203,3054,469,262,207,461,-370,91,19.6226012793177,1995,-0.233333333,-15,0.421,4.2,4.3,6.1,319.2,326.85
"205",208,208,1996,1996-11-05,1996-01-23,"speech","William J. Clinton",1946-08-22,"Arkansas",NA,"South","Democratic","48/100","Liberal","1993-1997",4,1,"Midterm","Peace","Peace",49.4207650273224,6357,2380,393,194,199,329,-349,-20,16.175572519084,1996,-0.033333333,-19,0.425,2.9,3.1,5.6,434.8,432.15
"206",209,209,1997,NA,1997-02-04,"speech","William J. Clinton",1946-08-23,"Arkansas",NA,"South","Democratic","45/100","Liberal","1997-2001",5,2,"Reelected","Peace","Peace",50.4520547945205,6780,2713,370,229,141,387,-233,154,18.3243243243243,1997,0.183333333,-23,0.429,5.1,4.9,5.4,430.45,434.9
"207",210,210,1998,1998-11-03,1998-01-27,"speech","William J. Clinton",1946-08-24,"Arkansas",NA,"South","Democratic","45/100","Liberal","1997-2001",6,2,"Midterm","Peace","Peace",51.427397260274,7317,2899,407,277,130,490,-235,255,17.977886977887,1998,0.366666667,-27,0.43,5.1,5.2,4.9,511.75,501
"208",211,211,1999,NA,1999-01-19,"speech","William J. Clinton",1946-08-25,"Arkansas",NA,"South","Democratic","45/100","Liberal","1997-2001",7,2,"Midterm","Peace","Peace",52.4027397260274,7513,3001,445,295,150,505,-274,231,16.8831460674157,1999,0.566666667,-31,0.429,5,4.9,4.5,617.6,605.55
"209",212,212,2000,1999-01-19,2000-01-27,"speech","William J. Clinton",1946-08-26,"Arkansas",NA,"South","Democratic","45/100","Liberal","1997-2001",8,2,"Midterm","Peace","Peace",53.4207650273224,9119,3478,540,339,201,587,-337,250,16.887037037037,2000,0.766666667,-35,0.433,4.5,4.7,4.2,679.7,680.4
"210",213,213,2001,NA,2001-02-27,"speech","George W. Bush",1946-07-06,"Connecticut",NA,"South","Republican","50/100","Conservative","2001-2005",1,1,"Newly Elected","Peace","Peace",54.6465753424658,4380,1782,290,208,82,347,-139,208,15.1034482758621,2001,0.983333333,0,0.435,2.6,3.4,4,747.55,748.25
"211",214,214,2002,2002-11-05,2002-01-29,"speech","George W. Bush",1946-07-07,"Connecticut",NA,"South","Republican","50/100","Conservative","2001-2005",2,1,"Midterm","Peace","War",55.5643835616438,3838,1674,316,163,153,284,-318,-34,12.1455696202532,2002,-0.945205479,0,0.434,-0.1,0.4,4.6,805.85,797.15
"212",216,216,2004,2004-11-02,2004-01-24,"speech","George W. Bush",1946-07-09,"Connecticut",NA,"South","Republican","51/100","Conservative","2001-2005",4,1,"Midterm","Peace","War",-42.4562841530055,5197,2248,362,204,158,339,-314,25,14.3563535911602,2004,-0.287671233,-8,0.438,4.1,3.3,6,557.25,557
"213",217,217,2005,NA,2005-02-02,"speech","George W. Bush",1946-07-10,"Connecticut",NA,"South","Republican","55/100","Conservative","2005-2009",5,2,"Reelected","Peace","War",58.5671232876712,5131,2208,434,315,119,561,-241,320,11.8225806451613,2005,0.068493151,-12,0.44,3.5,3,5.5,589.15,605.6
"214",218,218,2006,2006-11-07,2006-01-31,"speech","George W. Bush",1946-07-11,"Connecticut",NA,"South","Republican","55/100","Conservative","2005-2009",6,2,"Midterm","Peace","War",59.558904109589,5326,2303,421,253,168,466,-313,153,12.6508313539192,2006,0.369863014,-16,0.444,4.3,4,5,777.85,767.4
"215",219,219,2007,NA,2007-01-23,"speech","George W. Bush",1946-07-12,"Connecticut",NA,"South","Republican","49/100","Conservative","2005-2009",7,2,"Midterm","Peace","War",60.5342465753425,5571,2274,394,216,178,358,-321,37,14.1395939086294,2007,0.698630137,-20,0.432,1.5,2.8,4.7,883.3,891.775
"216",220,220,2008,2008-11-04,2008-01-28,"speech","George W. Bush",1946-07-13,"Connecticut",NA,"South","Republican","49/100","Conservative","2005-2009",8,2,"Midterm","Peace","War",61.5437158469945,5726,2483,395,266,129,437,-234,203,14.4962025316456,2008,0.888888889,1,0.438,0.3,0.2,4.6,925.65,915.65
"217",221,221,2009,NA,2009-02-24,"speech","Barack Obama",1961-08-04,"Hawaii",NA,"North","Democratic","57/100","Liberal","2009-2013",1,1,"Newly Elected","Peace","War",47.558904109589,6092,2258,354,199,155,338,-299,39,17.2090395480226,2009,-0.555555556,5,0.443,-0.8,-2.7,5.8,790.5,778.775
"218",222,222,2010,2010-11-02,2010-01-27,"speech","Barack Obama",1961-08-05,"Hawaii",NA,"North","Democratic","57/100","Liberal","2009-2013",2,1,"Midterm","Peace","War",48.4794520547945,7263,2753,420,224,196,364,-352,12,17.2928571428571,2010,NA,-2,0.44,1.7,0.8,9.5,524.6,487.925
"219",223,223,2011,NA,2011-01-25,"speech","Barack Obama",1961-08-06,"Hawaii",NA,"North","Democratic","51/100","Liberal","2009-2013",3,1,"Midterm","Peace","War",49.4712328767123,6909,2540,335,219,116,386,-191,195,20.6238805970149,2011,NA,-6,0.45,2.5,2.7,9.6,-45.8,-47.525
"220",224,224,2012,2012-11-06,2012-01-24,"speech","Barack Obama",1961-08-07,"Hawaii",NA,"North","Democratic","51/100","Liberal","2009-2013",4,1,"Midterm","Peace","War",50.4644808743169,7058,2740,391,210,181,339,-312,27,18.0511508951407,2012,NA,-10,0.451,2.6,2.4,9,198.35,177.3
"221",225,225,2013,NA,2013-02-12,"speech","Barack Obama",1961-08-08,"Hawaii",NA,"North","Democratic","53/100","Liberal","2013-2016",5,2,"Reelected","Peace","War",51.5150684931507,6855,2730,416,270,146,436,-251,185,16.4783653846154,2013,NA,-14,0.455,1.7,2.6,8.2,247.8,268.825
"222",226,226,2014,2014-11-04,2014-01-28,"speech","Barack Obama",1961-08-09,"Hawaii",NA,"North","Democratic","53/100","Liberal","2013-2016",6,2,"Midterm","Peace","War",52.4712328767123,7064,2791,397,251,146,410,-237,173,17.7934508816121,2014,NA,-18,0.452,1.7,1.4,7.3,469.35,473.75
"223",227,227,2015,NA,2015-01-20,"speech","Barack Obama",1961-08-10,"Hawaii",NA,"North","Democratic","44/100","Liberal","2013-2016",7,2,"Midterm","Peace","War",53.4465753424658,6797,2568,405,237,168,395,-279,116,16.7827160493827,2015,NA,-22,0.448,4.2,3.9,6.2,583,583.95
"224",228,228,2016,2016-11-08,2016-01-12,"speech","Barack Obama",1961-08-11,"Hawaii",NA,"North","Democratic","44/100","Liberal","2013-2016",8,2,"Midterm","Peace","War",54.4207650273224,6083,2158,355,211,144,363,-254,109,17.1352112676056,2016,NA,-26,NA,1.6,1.4,5.3,673.6,658.65
